<?xml version="1.0" encoding="UTF-8"?>
<beans xmlns="http://www.springframework.org/schema/beans"
	xmlns:xsi="http://www.w3.org/2001/XMLSchema-instance" xmlns:context="http://www.springframework.org/schema/context"
	xsi:schemaLocation="http://www.springframework.org/schema/beans http://www.springframework.org/schema/beans/spring-beans.xsd
    http://www.springframework.org/schema/context http://www.springframework.org/schema/context/spring-context-2.5.xsd">

<!-- 	<bean id="mailProperties" -->
<!-- 		class="org.springframework.beans.factory.config.PropertyPlaceholderConfigurer"> -->

<!-- 		<property name="location" value="classpath:prop.properties" /> -->

<!-- 	</bean> -->
	
	<context:property-placeholder location="classpath:prop.properties" />

	<bean id="bool" class="dyna.Convert"/>
<!-- 	<bean id="bool2" class="lang.Boolean"/> -->


	<bean id="person" class="dyna.Person">
		<property name="what" value="#{T(java.lang.Boolean).parseBoolean('${zelalem}')}" />
	</bean>


	
</beans>
